Year,GP,Driver,Stint,Compound,Degradation,R2
2024,Italian Grand Prix,LEC,1.0,MEDIUM,0.12463489803615357,0.21792318452107173
2024,Italian Grand Prix,LEC,2.0,HARD,0.05888022941172558,0.8097578313070154
