Year,GP,Driver,Stint,Compound,Degradation,R2
2024,Italian Grand Prix,LEC,1.0,MEDIUM,0.35439584524426604,0.34178707382544093
2024,Italian Grand Prix,LEC,2.0,HARD,0.0836811181590494,-21.193309796418898
