Year,GP,Driver,Stint,Compound,Degradation,MAE_Sec
2024,Monza,LEC,1.0,MEDIUM,0.13991338960567568,0.28636105407034995
2024,Monza,LEC,2.0,HARD,0.1796967303212602,0.34190016359982495
