Year,GP,Driver,Stint,Compound,Degradation,R2
2024,Monza,LEC,1.0,MEDIUM,0.13991338960567568,0.44597322757979985
2024,Monza,LEC,2.0,HARD,0.1796967303212602,0.02415770845981689
