Year,GP,Driver,Stint,Compound,Degradation,R2
2024,Monza,LEC,1.0,MEDIUM,0.2950188779572628,0.29534041156404334
2024,Monza,LEC,2.0,HARD,0.1809068959094131,0.09954305550596154
