Year,GP,Driver,Stint,Compound,Degradation,R2
2026,china,12,2.0,HARD,0.25760554160130306,-0.7504102578735887
